,发现时间,发现数量,观测方法,行星质量,距地距离,轨道周期
0,1989,1 ,径向速度,11.68,40.57,83.8880 
1,1992,3 ,脉冲星计时,,,25.2620 
2,1992,3 ,脉冲星计时,,,66.5419 
3,1994,3 ,脉冲星计时,,,98.2114 
4,1995,1 ,径向速度,0.472,15.36,4.2308 
5,1996,5 ,径向速度,0.8,12.53,14.6510 
6,1996,4 ,径向速度,0.6876,13.47,4.6170 
7,1996,3 ,径向速度,2.53,14.08,1078.0000 
8,1996,1 ,径向速度,,21.41,798.5000 
9,1996,1 ,径向速度,,18.11,116.6884 
10,1996,1 ,径向速度,3.9,15.6,3.3135 
11,1997,1 ,径向速度,1.04,17.43,39.8450 
12,1998,4 ,径向速度,2.2756,4.7,61.1166 
13,1998,2 ,径向速度,8.02,37.88,58.1129 
14,1998,2 ,径向速度,0.52,47.92,3.0970 
15,1998,2 ,径向速度,1.39,19.72,7.1268 
16,1998,1 ,径向速度,1.23,21.29,442.1000 
17,1999,4 ,径向速度,1.981,13.47,241.2580 
18,1999,4 ,径向速度,4.132,13.47,1276.4600 
19,1999,2 ,径向速度,1.59,25.65,258.1900 
20,1999,2 ,径向速度,1.49,59.03,406.6000 
21,1999,2 ,径向速度,1.99,47.92,3810.0000 
22,1999,1 ,径向速度,3.91,10.91,15.7649 
23,1999,1 ,径向速度,6.21,32.56,1075.2000 
24,1999,1 ,径向速度,0.42,28.94,3.5100 
25,1999,1 ,径向速度,8.44,38.99,256.7800 
26,1999,1 ,径向速度,1.04,29.76,10.7085 
27,1999,1 ,径向速度,0.72,19.89,24.3480 
28,1999,1 ,径向速度,3.7,37.35,18.2016 
29,1999,1 ,径向速度,,47.08,3.5247 
30,1999,1 ,径向速度,7.75,41.95,572.3800 
31,1999,1 ,径向速度,1.94,17.24,311.2880 
32,2000,4 ,径向速度,0.7142,4.7,30.0881 
33,2000,4 ,径向速度,,15.28,643.2500 
34,2000,2 ,径向速度,2.3,37.16,262.7090 
35,2000,2 ,径向速度,0.839,42.43,14.3098 
36,2000,2 ,径向速度,13.38,42.43,2140.2000 
37,2000,2 ,径向速度,18.1,37.88,1749.5000 
38,2000,2 ,径向速度,2.88,36.32,225.6200 
39,2000,1 ,径向速度,1.55,3.22,2502.0000 
40,2000,1 ,径向速度,,80,3.4878 
41,2000,1 ,径向速度,3.37,17.62,133.7100 
42,2000,1 ,径向速度,0.26,35.91,75.5230 
43,2000,1 ,径向速度,1.28,18.24,423.8410 
44,2000,1 ,径向速度,0.249,33.41,3.0240 
45,2000,1 ,径向速度,1.13,28.07,118.9600 
46,2000,1 ,径向速度,3.86,32.32,325.8100 
47,2000,1 ,径向速度,0.95,27.05,3.0925 
48,2001,3 ,径向速度,0.54,14.08,2391.0000 
49,2001,2 ,径向速度,1.25,25.64,349.7000 
50,2001,1 ,径向速度,0.8,32.7,829.0000 
51,2001,1 ,径向速度,2.07,77.82,431.8800 
52,2001,1 ,径向速度,2.61,34.6,738.4590 
53,2001,1 ,径向速度,5.59,39.56,385.9000 
54,2001,1 ,径向速度,10.35,18.21,2063.8180 
55,2001,1 ,径向速度,1.9,58.82,6.2760 
56,2001,1 ,径向速度,,29.04,111.4357 
57,2001,1 ,径向速度,1.1,20.43,493.7000 
58,2001,1 ,径向速度,7.03,46.73,71.4840 
59,2001,1 ,径向速度,4.5,40.75,951.0000 
60,2002,5 ,径向速度,3.53,12.53,4909.0000 
61,2002,3 ,径向速度,0.61,33.24,154.4600 
62,2002,3 ,径向速度,0.683,33.24,2295.0000 
63,2002,2 ,径向速度,1.92,37.16,1708.0000 
64,2002,2 ,径向速度,5,121.36,430.0000 
65,2002,2 ,径向速度,2.25,94.61,188.9000 
66,2002,2 ,径向速度,1.29,68.54,395.8000 
67,2002,2 ,径向速度,1.45,16.57,454.2000 
68,2002,2 ,径向速度,17.4,46.34,255.8700 
69,2002,1 ,径向速度,4.64,18.15,1773.4000 
70,2002,1 ,径向速度,4.9,89.85,1183.0000 
71,2002,1 ,径向速度,1.8,44.15,227.0000 
72,2002,1 ,径向速度,1.07,27.13,500.0000 
73,2002,1 ,径向速度,9.17,54.71,2819.6540 
74,2002,1 ,径向速度,4.01,33.33,264.1500 
75,2002,1 ,径向速度,0.115,40.73,4.9437 
76,2002,1 ,径向速度,4.9,31.03,1279.0000 
77,2002,1 ,径向速度,3.15,51.36,3383.0000 
78,2002,1 ,径向速度,0.197,59.7,3.9710 
79,2002,1 ,径向速度,0.4,43.53,2.9856 
80,2002,1 ,径向速度,6.92,37.44,1531.0000 
81,2002,1 ,径向速度,0.261,38.56,10.8985 
82,2002,1 ,径向速度,0.95,35,1114.0000 
83,2002,1 ,径向速度,9.7,33.46,653.2200 
84,2002,1 ,径向速度,14.4,31.26,8.4282 
85,2002,1 ,径向速度,0.23,43.12,6.4030 
86,2002,1 ,径向速度,5.93,62.11,1136.1000 
87,2002,1 ,径向速度,3,46.93,1289.0000 
88,2002,1 ,径向速度,1.26,33.29,1311.0000 
89,2002,1 ,径向速度,2.1,26.52,1294.0000 
90,2002,1 ,径向速度,8.82,31.33,511.0980 
91,2002,1 ,凌日,,,1.2119 
92,2003,3 ,径向速度,1.8,64.56,51.6450 
93,2003,3 ,径向速度,8.06,64.56,2473.0000 
94,2003,2 ,径向速度,1.26,35.59,572.4000 
95,2003,2 ,径向速度,,27.46,441.4700 
96,2003,2 ,径向速度,,27.46,220.0780 
97,2003,2 ,径向速度,1.24,28.04,937.7000 
98,2003,2 ,径向速度,4.04,36.32,2102.0000 
99,2003,2 ,径向速度,1.502,15.89,2891.0000 
100,2003,1 ,径向速度,1.85,13.79,903.3000 
101,2003,1 ,径向速度,0.229,11.11,62.2180 
102,2003,1 ,径向速度,0.48,40.32,22.0900 
103,2003,1 ,径向速度,1.37,22.38,466.2000 
104,2003,1 ,径向速度,7.71,51.97,1561.0000 
105,2003,1 ,径向速度,18.37,43.03,1.3283 
106,2003,1 ,径向速度,5.25,92.51,303.0000 
107,2003,1 ,径向速度,2,28.76,2231.0000 
108,2003,1 ,径向速度,1.87,36.52,2.5486 
109,2003,1 ,径向速度,8.3,102.04,199.5050 
110,2003,1 ,径向速度,6.8,28.88,1143.0000 
111,2003,1 ,径向速度,1.22,44.37,63.3300 
112,2003,1 ,径向速度,3.71,133.16,344.9500 
113,2003,1 ,径向速度,1.62,34.57,386.3000 
114,2003,1 ,径向速度,1.21,12.87,528.4000 
115,2003,1 ,径向速度,0.65,37.89,118.4500 
116,2003,1 ,脉冲星计时,,,36525.0000 
117,2004,5 ,径向速度,0.165,12.53,44.3800 
118,2004,4 ,径向速度,1.814,15.28,4205.8000 
119,2004,4 ,径向速度,,15.28,9.6386 
120,2004,2 ,径向速度,2.3,42.88,55.0000 
121,2004,2 ,径向速度,0.087,17.99,17.0540 
122,2004,2 ,径向速度,2.24,68.54,408.6000 
123,2004,2 ,径向速度,3.69,52.83,634.2300 
124,2004,2 ,径向速度,2.44,46.34,1383.4000 
125,2004,1 ,成像,,140,
126,2004,1 ,成像,,139,
127,2004,1 ,成像,,52.4,
128,2004,1 ,径向速度,,10.23,2.6439 
129,2004,1 ,径向速度,2.54,43.03,963.0000 
130,2004,1 ,径向速度,1.79,48.95,890.7600 
131,2004,1 ,径向速度,0.22,74.46,3.4160 
132,2004,1 ,径向速度,1.88,33.01,2597.0000 
133,2004,1 ,径向速度,0.178,38.02,25.8270 
134,2004,1 ,径向速度,1.26,52.63,456.4600 
135,2004,1 ,径向速度,0.45,43.99,123.0000 
136,2004,1 ,径向速度,0.76,50.2,3.3690 
137,2004,1 ,凌日,,,3.1013 
138,2004,1 ,凌日,,,4.0161 
139,2004,1 ,凌日,,600,1.4325 
140,2004,1 ,凌日,,2500,1.6899 
141,2004,1 ,凌日,,152.3,3.0301 
142,2004,1 ,微引力透镜,,,
143,2005,4 ,径向速度,0.049,6.27,5.3687 
144,2005,4 ,径向速度,0.017,6.27,12.9292 
145,2005,4 ,径向速度,0.022,6.27,66.8000 
146,2005,4 ,径向速度,0.006,6.27,3.1494 
147,2005,4 ,径向速度,0.021,4.7,1.9378 
148,2005,3 ,径向速度,0.624,33.24,843.6000 
149,2005,3 ,径向速度,3.88,52.88,6.6739 
150,2005,2 ,径向速度,0.622,33.98,1945.0000 
151,2005,2 ,径向速度,2.25,94.61,379.1000 
152,2005,2 ,径向速度,0.99,68.54,1624.0000 
153,2005,2 ,径向速度,3.24,16.57,923.8000 
154,2005,2 ,径向速度,0.057,15.89,17.1000 
155,2005,2 ,径向速度,2.6,19.72,4270.0000 
156,2005,1 ,成像,,45.52,
157,2005,1 ,径向速度,0.48,53.71,3.4442 
158,2005,1 ,径向速度,0.0405,21.85,15.6090 
159,2005,1 ,径向速度,6.54,66.49,711.0000 
160,2005,1 ,径向速度,14,300.3,471.6000 
161,2005,1 ,径向速度,0.62,42.37,17.9910 
162,2005,1 ,径向速度,9.1,20.98,388.0000 
163,2005,1 ,径向速度,1.71,47.26,2582.7000 
164,2005,1 ,径向速度,0.38,35.8,2.8178 
165,2005,1 ,径向速度,2.82,55.04,1973.0000 
166,2005,1 ,径向速度,6.86,32.56,1001.7000 
167,2005,1 ,径向速度,0.37,28.9,143.5800 
168,2005,1 ,径向速度,0.502,60.46,439.3000 
169,2005,1 ,径向速度,0.3,30.5,70.4600 
170,2005,1 ,径向速度,0.172,42,20.8133 
171,2005,1 ,径向速度,0.21,51.26,48.0560 
172,2005,1 ,径向速度,0.28,59.03,5.2400 
173,2005,1 ,径向速度,2.13,88.57,6.1335 
174,2005,1 ,径向速度,5.1,35.87,1928.0000 
175,2005,1 ,径向速度,,78.86,2.8759 
176,2005,1 ,径向速度,1.33,63.49,4.0720 
177,2005,1 ,径向速度,0.36,21.92,1155.0000 
178,2005,1 ,径向速度,,19.25,2.2186 
179,2005,1 ,径向速度,0.45,52.72,2.2457 
180,2005,1 ,微引力透镜,,,3600.0000 
181,2005,1 ,微引力透镜,,,3500.0000 
182,2006,4 ,径向速度,,15.28,310.5500 
183,2006,3 ,径向速度,0.033,12.58,8.6670 
184,2006,3 ,径向速度,0.038,12.58,31.5600 
185,2006,3 ,径向速度,0.058,12.58,197.0000 
186,2006,3 ,径向速度,1.28,52.88,147.7300 
187,2006,2 ,径向速度,2.1,52.72,1178.4000 
188,2006,1 ,成像,,18.39,
189,2006,1 ,成像,,,
190,2006,1 ,成像,,40.85,
191,2006,1 ,成像,,,730000.0000 
192,2006,1 ,径向速度,7.1,77.4,269.3000 
193,2006,1 ,径向速度,7.6,47.53,594.9000 
194,2006,1 ,径向速度,0.91,8.77,1845.0000 
195,2006,1 ,径向速度,0.94,17.35,989.2000 
196,2006,1 ,径向速度,1.9,36.02,591.9000 
197,2006,1 ,径向速度,1.5,89.13,1214.0000 
198,2006,1 ,径向速度,4.01,46.51,3668.0000 
199,2006,1 ,径向速度,0.33,86.88,18.1790 
200,2006,1 ,径向速度,2.9,10.34,589.6400 
201,2006,1 ,径向速度,1.5,91.16,2.1375 
202,2006,1 ,径向速度,0.45,28.98,4.1138 
203,2006,1 ,径向速度,0.947,18.06,3342.0000 
204,2006,1 ,径向速度,0.94,47.37,6.8380 
205,2006,1 ,径向速度,0.75,44.98,986.0000 
206,2006,1 ,径向速度,0.71,94.07,26.7300 
207,2006,1 ,凌日,,139,4.4653 
208,2006,1 ,凌日,,213,2.4706 
209,2006,1 ,凌日,,8500,4.2000 
210,2006,1 ,凌日,,8500,1.7960 
211,2006,1 ,凌日,,172,3.9415 
212,2006,1 ,微引力透镜,,,3300.0000 
213,2007,5 ,径向速度,0.172,12.53,261.2000 
214,2007,3 ,径向速度,0.396,64.56,346.6000 
215,2007,3 ,径向速度,3,52.83,559.4000 
216,2007,2 ,径向速度,1.894,15.1,692.0000 
217,2007,2 ,径向速度,3.44,53.82,1270.2000 
218,2007,2 ,径向速度,0.85,43.4,194.3000 
219,2007,2 ,径向速度,0.82,43.4,391.9000 
220,2007,1 ,成像,,165,
221,2007,1 ,径向速度,19.4,110.62,326.0300 
222,2007,1 ,径向速度,,31.12,1251.0000 
223,2007,1 ,径向速度,2.8,62.66,136.7500 
224,2007,1 ,径向速度,10.6,,714.3000 
225,2007,1 ,径向速度,0.035,4.54,4.6938 
226,2007,1 ,径向速度,1.56,44.05,526.6200 
227,2007,1 ,径向速度,1.94,100,675.0000 
228,2007,1 ,径向速度,4.6,,359.9000 
229,2007,1 ,径向速度,,78.25,21.2166 
230,2007,1 ,径向速度,2.49,93.2,36.9600 
231,2007,1 ,径向速度,6.1,,851.8000 
232,2007,1 ,径向速度,2.51,80.58,418.2000 
233,2007,1 ,径向速度,2.7,88.26,184.0200 
234,2007,1 ,径向速度,1.16,52.8,383.7000 
235,2007,1 ,径向速度,5.61,70.97,974.0000 
236,2007,1 ,径向速度,10.57,49,359.5546 
237,2007,1 ,径向速度,1.7,50,420.7700 
238,2007,1 ,径向速度,0.67,64.98,1145.0000 
239,2007,1 ,径向速度,1.83,,538.0000 
240,2007,1 ,径向速度,0.61,127.55,297.3000 
241,2007,1 ,径向速度,1.9,54.23,1038.1000 
242,2007,1 ,径向速度,2.5,67.39,351.5000 
243,2007,1 ,径向速度,2.58,32.99,1333.0000 
244,2007,1 ,径向速度,,55.93,354.8000 
245,2007,1 ,径向速度,0.06,81.1,3.8335 
246,2007,1 ,径向速度,3.09,52.88,456.1000 
247,2007,1 ,径向速度,1.08,108.46,141.6000 
248,2007,1 ,径向速度,19.8,,677.8000 
249,2007,1 ,凌日,,135.32,5.6335 
250,2007,1 ,凌日,,138,2.8997 
251,2007,1 ,凌日,,314,3.0565 
252,2007,1 ,凌日,,342,2.7885 
253,2007,1 ,凌日,,261,3.8530 
254,2007,1 ,凌日,,2000,3.9141 
255,2007,1 ,凌日,,,3.9791 
256,2007,1 ,凌日,,,3.6772 
257,2007,1 ,凌日,,228,1.3062 
258,2007,1 ,凌日,,492,3.5539 
259,2007,1 ,凌日,,408,2.5199 
260,2007,1 ,凌日,,147,2.1522 
261,2007,1 ,凌日,,220,1.8468 
262,2007,1 ,凌日,,300,1.3382 
263,2007,1 ,凌日,,148,2.6159 
264,2007,1 ,凌日,,174,3.1915 
265,2007,1 ,脉动时间变化,,,1170.0000 
266,2008,6 ,径向速度,0.0126,12.83,4.3123 
267,2008,6 ,径向速度,0.0208,12.83,9.6184 
268,2008,6 ,径向速度,0.0299,12.83,20.4320 
269,2008,4 ,成像,,39.94,170000.0000 
270,2008,4 ,成像,,39.94,69000.0000 
271,2008,4 ,成像,,39.94,37000.0000 
272,2008,3 ,径向速度,0.0238,26.15,9.3743 
273,2008,3 ,径向速度,0.64,26.15,962.0000 
274,2008,3 ,径向速度,0.54,26.15,2172.0000 
275,2008,2 ,径向速度,0.82,53.82,170.4550 
276,2008,2 ,径向速度,0.0788,33.98,37.9100 
277,2008,2 ,径向速度,0.1872,32.58,226.9300 
278,2008,2 ,径向速度,0.6579,32.58,342.8500 
279,2008,2 ,径向速度,0.07167,37.84,4.0845 
280,2008,2 ,径向速度,0.35061,37.84,1353.6000 
281,2008,2 ,径向速度,7,121.36,2500.0000 
282,2008,2 ,径向速度,3.1548,25.7,201.8300 
283,2008,2 ,径向速度,7.4634,25.7,607.0600 
284,2008,2 ,径向速度,5.9,164.2,127.5800 
285,2008,2 ,径向速度,2.6,164.2,520.0000 
286,2008,2 ,径向速度,3.82,52.83,2950.0000 
287,2008,2 ,日食时间变化,,130.72,5767.0000 
288,2008,2 ,日食时间变化,,130.72,3321.0000 
289,2008,2 ,微引力透镜,,,1825.0000 
290,2008,2 ,微引力透镜,,,5100.0000 
291,2008,1 ,成像,,,
292,2008,1 ,成像,,19.28,6000.0000 
293,2008,1 ,成像,,7.69,318280.0000 
294,2008,1 ,成像,,145,
295,2008,1 ,成像,,,
296,2008,1 ,径向速度,2.21,56.95,874.7740 
297,2008,1 ,径向速度,4.8,76.39,185.8400 
298,2008,1 ,径向速度,10.3,73.1,993.3000 
299,2008,1 ,径向速度,3.88,97.28,479.1000 
300,2008,1 ,径向速度,5.3,97.18,952.7000 
301,2008,1 ,径向速度,5.1,37.54,655.6000 
302,2008,1 ,径向速度,0.64,4.94,3416.0000 
303,2008,1 ,径向速度,0.029,16.82,5.3978 
304,2008,1 ,径向速度,0.0696,25.54,17.2400 
305,2008,1 ,径向速度,1.99,44.5,380.8500 
306,2008,1 ,径向速度,25,37.05,2371.0000 
307,2008,1 ,径向速度,0.47,36.14,43.6000 
308,2008,1 ,径向速度,1.16,87.41,700.0000 
309,2008,1 ,径向速度,3.06,53.05,1260.0000 
310,2008,1 ,径向速度,1.15,96.99,1800.0000 
311,2008,1 ,径向速度,18.15,57.21,1951.0000 
312,2008,1 ,径向速度,9.76,121.36,1125.7000 
313,2008,1 ,径向速度,3.12,59.35,1057.0000 
314,2008,1 ,径向速度,5.76,55.19,103.9500 
315,2008,1 ,径向速度,2.73,51.87,499.4000 
316,2008,1 ,径向速度,5.02,65.79,163.9000 
317,2008,1 ,径向速度,2.7,134.95,323.6000 
318,2008,1 ,径向速度,0.08,63.69,14.4760 
319,2008,1 ,径向速度,1.37,90.33,279.8000 
320,2008,1 ,径向速度,0.0265,9.42,8.7836 
321,2008,1 ,凌日,,,1.5090 
322,2008,1 ,凌日,,200,1.7430 
323,2008,1 ,凌日,,680,4.2568 
324,2008,1 ,凌日,,,9.2021 
325,2008,1 ,凌日,,230,3.0764 
326,2008,1 ,凌日,,480,3.9229 
327,2008,1 ,凌日,,320,2.2047 
328,2008,1 ,凌日,,38,4.8878 
329,2008,1 ,凌日,,,2.4855 
330,2008,1 ,凌日,,300,1.6284 
331,2008,1 ,凌日,,140,4.9547 
332,2008,1 ,凌日,,90,3.0928 
333,2008,1 ,凌日,,121.7,3.7225 
334,2008,1 ,凌日,,,1.0914 
335,2008,1 ,凌日,,160,2.2438 
336,2008,1 ,凌日,,293,4.1251 
337,2008,1 ,凌日,,260,4.1878 
338,2008,1 ,微引力透镜,,,
339,2008,1 ,微引力透镜,,,
340,2009,3 ,径向速度,1.64,14.08,14002.0000 
341,2009,3 ,径向速度,0.016,8.52,4.2150 
342,2009,3 ,径向速度,0.057,8.52,38.0210 
343,2009,3 ,径向速度,0.072,8.52,123.0100 
344,2009,3 ,径向速度,0.058,52.83,4.1547 
345,2009,3 ,径向速度,7.2,52.83,3008.0000 
346,2009,3 ,径向速度,4.05,47.3,1931.0000 
347,2009,3 ,径向速度,0.57,52.88,952.0000 
348,2009,2 ,径向速度,0.045,42.09,5.6000 
349,2009,2 ,径向速度,0.33,42.09,237.6000 
350,2009,2 ,径向速度,21.42,,379.6300 
351,2009,2 ,径向速度,12.47,,621.9900 
352,2009,2 ,径向速度,,150,3.6980 
353,2009,2 ,径向速度,15.2,214,428.5000 
354,2009,2 ,径向速度,0.024,23.44,5.7727 
355,2009,2 ,径向速度,0.7,52.85,30.0520 
356,2009,2 ,径向速度,1.82,52.85,192.9000 
357,2009,2 ,径向速度,0.82,25.65,5000.0000 
358,2009,2 ,径向速度,2.12,42.68,44.2360 
359,2009,2 ,径向速度,6.56,42.68,1008.0000 
360,2009,2 ,径向速度,0.017,43.53,3.9300 
361,2009,2 ,径向速度,0.33,43.53,567.0000 
362,2009,2 ,径向速度,1.42,44.8,345.7200 
363,2009,2 ,凌日,,150,0.8536 
364,2009,2 ,凌日,,214,2.9163 
365,2009,1 ,成像,,12.21,4639.1500 
366,2009,1 ,成像,,25,7336.5000 
367,2009,1 ,成像,,26.67,8679.7000 
368,2009,1 ,径向速度,10.5,119.47,516.2200 
369,2009,1 ,径向速度,9.88,39.43,335.1000 
370,2009,1 ,径向速度,8.78,38.52,428.5000 
371,2009,1 ,径向速度,1.47,50.03,268.9400 
372,2009,1 ,径向速度,0.82,12.12,2288.0000 
373,2009,1 ,径向速度,0.328,10.32,598.3000 
374,2009,1 ,径向速度,2.3,131.41,356.0000 
375,2009,1 ,径向速度,1.96,53.28,777.0000 
376,2009,1 ,径向速度,1.65,55.01,2496.0000 
377,2009,1 ,径向速度,14.2,38.26,1634.0000 
378,2009,1 ,径向速度,1.88,45.52,4218.0000 
379,2009,1 ,径向速度,4.4,59.84,990.0000 
380,2009,1 ,径向速度,14.3,50.18,465.1000 
381,2009,1 ,径向速度,1.373,26.5,1159.2000 
382,2009,1 ,径向速度,3.04,117.37,157.5400 
383,2009,1 ,径向速度,0.79,45.01,1049.0000 
384,2009,1 ,径向速度,10.7,99.4,696.3000 
385,2009,1 ,径向速度,0.64,32.62,358.0000 
386,2009,1 ,径向速度,0.132,33.96,788.0000 
387,2009,1 ,径向速度,0.92,42.48,1695.0000 
388,2009,1 ,径向速度,7,72.57,1475.0000 
389,2009,1 ,径向速度,1.78,18.06,2754.0000 
390,2009,1 ,径向速度,1.78,30.88,2157.0000 
391,2009,1 ,径向速度,0.057,22.09,49.7700 
392,2009,1 ,径向速度,1.2,149.03,507.0000 
393,2009,1 ,径向速度,0.68,84.03,498.9000 
394,2009,1 ,径向速度,0.098,49.33,47.8400 
395,2009,1 ,径向速度,0.186,20.82,55.8060 
396,2009,1 ,径向速度,11.09,97.66,835.4770 
397,2009,1 ,径向速度,0.041,27.45,9.6737 
398,2009,1 ,径向速度,0.38,68.35,1244.0000 
399,2009,1 ,径向速度,1.6,67.61,1840.0000 
400,2009,1 ,径向速度,2,106.38,464.3000 
401,2009,1 ,径向速度,0.85,53.05,1027.0000 
402,2009,1 ,径向速度,0.96,59.28,331.5000 
403,2009,1 ,径向速度,15.5,76.51,2.3910 
404,2009,1 ,径向速度,3,85.18,2097.0000 
405,2009,1 ,径向速度,0.75,55.1,842.0000 
406,2009,1 ,径向速度,2.7,37.98,606.4000 
407,2009,1 ,径向速度,2.6,44.05,1523.0000 
408,2009,1 ,径向速度,7.8,67.02,1290.0000 
409,2009,1 ,径向速度,1.6,114.55,479.0000 
410,2009,1 ,径向速度,3.3,115.47,663.0000 
411,2009,1 ,径向速度,0.37,55.93,956.0000 
412,2009,1 ,径向速度,3.1,189.39,4885.0000 
413,2009,1 ,径向速度,2.2,170.07,610.0000 
414,2009,1 ,径向速度,2.3,121.8,373.3000 
415,2009,1 ,径向速度,6.9,,501.7500 
416,2009,1 ,径向速度,2.54,54.92,2443.0000 
417,2009,1 ,径向速度,9,23.98,17337.5000 
418,2009,1 ,径向速度,2.1,14.9,111.7000 
419,2009,1 ,凌日,,,4.0379 
420,2009,1 ,凌日,,,8.8866 
421,2009,1 ,凌日,,460,95.2738 
422,2009,1 ,凌日,,,1.5804 
423,2009,1 ,凌日,,142.5,3.2131 
424,2009,1 ,凌日,,550,3.2135 
425,2009,1 ,凌日,,,3.5485 
426,2009,1 ,凌日,,,3.2347 
427,2009,1 ,凌日,,,4.8855 
428,2009,1 ,凌日,,,3.3610 
429,2009,1 ,凌日,,155,4.3530 
430,2009,1 ,凌日,,,3.7521 
431,2009,1 ,凌日,,,3.1186 
432,2009,1 ,凌日,,400,3.7354 
433,2009,1 ,凌日,,105.49,0.9415 
434,2009,1 ,凌日,,250,0.7888 
435,2009,1 ,日食时间变化,6.05,,10220.0000 
436,2009,1 ,微引力透镜,,,
437,2009,1 ,微引力透镜,,,
438,2010,6 ,径向速度,0.041,39.39,5.7596 
439,2010,6 ,径向速度,0.038,39.39,16.3567 
440,2010,6 ,径向速度,0.08,39.39,49.7470 
441,2010,6 ,径向速度,0.074,39.39,122.7200 
442,2010,6 ,径向速度,0.067,39.39,602.0000 
443,2010,6 ,径向速度,0.205,39.39,2248.0000 
444,2010,6 ,凌日,,613,10.3039 
445,2010,6 ,凌日,,613,13.0241 
446,2010,6 ,凌日,,613,22.6845 
447,2010,6 ,凌日,,613,31.9996 
448,2010,6 ,凌日,,613,46.6888 
449,2010,6 ,凌日,,613,118.3807 
450,2010,4 ,成像,,39.94,18000.0000 
451,2010,4 ,径向速度,1.059,13.47,3848.8600 
452,2010,4 ,径向速度,0.046,4.7,124.2600 
453,2010,3 ,径向速度,4.95,16.13,1050.3000 
454,2010,3 ,凌日,,650,19.2400 
455,2010,3 ,凌日,,650,38.9100 
456,2010,3 ,凌日,,650,1.5929 
457,2010,2 ,径向速度,1.99,74.79,452.8000 
458,2010,2 ,径向速度,0.86,74.79,883.0000 
459,2010,2 ,径向速度,3.4,90,5584.0000 
460,2010,2 ,径向速度,0.36,17.99,4970.0000 
461,2010,2 ,径向速度,0.27,15.71,263.3000 
462,2010,2 ,径向速度,0.71,15.71,1657.0000 
463,2010,2 ,径向速度,0.77,69.44,75.2900 
464,2010,2 ,径向速度,2.29,69.44,1314.0000 
465,2010,2 ,径向速度,0.15,59.03,110.9000 
466,2010,2 ,径向速度,1.85,68.35,613.8000 
467,2010,2 ,径向速度,0.895,68.35,825.0000 
468,2010,2 ,凌日,,90,10.3385 
469,2010,2 ,日食时间变化,,500,5573.5500 
470,2010,2 ,日食时间变化,,500,2883.5000 
471,2010,1 ,成像,,140,
472,2010,1 ,成像,,145,
473,2010,1 ,成像,,11.43,
474,2010,1 ,成像,,131.93,
475,2010,1 ,成像,,,
476,2010,1 ,径向速度,1.8,20.21,380.8000 
477,2010,1 ,径向速度,0.022,19.8,2.6456 
478,2010,1 ,径向速度,6.1,7.01,533.0000 
479,2010,1 ,径向速度,0.63,56.34,1313.0000 
480,2010,1 ,径向速度,0.95,56.05,1845.0000 
481,2010,1 ,径向速度,1.16,56.18,1117.0000 
482,2010,1 ,径向速度,0.5,53.82,466.0000 
483,2010,1 ,径向速度,,37.78,363.2000 
484,2010,1 ,径向速度,0.6,54.94,327.8000 
485,2010,1 ,径向速度,0.58,50.43,472.0000 
486,2010,1 ,径向速度,0.026,21.3,9.4940 
487,2010,1 ,径向速度,0.05,9.24,122.1000 
488,2010,1 ,径向速度,0.96,121.07,6.4950 
489,2010,1 ,径向速度,0.77,65.62,68.2700 
490,2010,1 ,径向速度,2.9,126.1,176.3000 
491,2010,1 ,径向速度,0.013,24.05,4.6455 
492,2010,1 ,径向速度,0.48,51.81,282.4000 
493,2010,1 ,径向速度,,131.75,396.0300 
494,2010,1 ,径向速度,13,54.92,1319.0000 
495,2010,1 ,径向速度,0.21,29.94,225.7000 
496,2010,1 ,径向速度,0.47,23.8,57.0000 
497,2010,1 ,径向速度,1.25,223.21,16.2000 
498,2010,1 ,径向速度,0.298,11.03,41.3970 
499,2010,1 ,凌日,,380,6.2123 
500,2010,1 ,凌日,,345,13.2406 
501,2010,1 ,凌日,,560,2.9943 
502,2010,1 ,凌日,,1150,2.8280 
503,2010,1 ,凌日,,1060,4.0352 
504,2010,1 ,凌日,,1340,1.5121 
505,2010,1 ,凌日,,205,4.6277 
506,2010,1 ,凌日,,190,10.8635 
507,2010,1 ,凌日,,235,2.7760 
508,2010,1 ,凌日,,166,5.5080 
509,2010,1 ,凌日,,215,4.0088 
510,2010,1 ,凌日,,70,2.8753 
511,2010,1 ,凌日,,254,4.1245 
512,2010,1 ,凌日,,82,3.2122 
513,2010,1 ,凌日,,393,1.2129 
514,2010,1 ,凌日,,396,3.3552 
515,2010,1 ,凌日,,297,3.6528 
516,2010,1 ,凌日,,134,4.2345 
517,2010,1 ,凌日,,1330,3.5225 
518,2010,1 ,凌日,,2700,6.8735 
519,2010,1 ,凌日,,800,3.9051 
520,2010,1 ,凌日,,,1.4200 
521,2010,1 ,凌日,,87,8.1587 
522,2010,1 ,凌日,,242,4.3225 
523,2010,1 ,凌日,,300,3.5327 
524,2010,1 ,凌日,,,2.9444 
525,2010,1 ,凌日,,,2.3412 
526,2010,1 ,凌日,,,3.7648 
527,2010,1 ,凌日,,250,2.7566 
528,2010,1 ,凌日,,,3.4088 
529,2010,1 ,凌日,,70,3.9227 
530,2010,1 ,凌日,,360,3.4059 
531,2010,1 ,凌日,,,2.7187 
532,2010,1 ,凌日,,116.14,1.2199 
533,2010,1 ,凌日,,120,4.3177 
534,2010,1 ,凌日,,343,3.5775 
535,2010,1 ,凌日,,110,6.8718 
536,2010,1 ,凌日,,180,3.0524 
537,2010,1 ,天体测量学,,14.98,1016.0000 
538,2010,1 ,微引力透镜,,,
539,2010,1 ,微引力透镜,,,1970.0000 
540,2011,6 ,径向速度,0.018,6.8,7.2004 
541,2011,6 ,径向速度,0.012,6.8,28.1400 
542,2011,5 ,径向速度,,12.53,0.7365 
543,2011,5 ,凌日,,290,3.6961 
544,2011,5 ,凌日,,290,10.8541 
545,2011,5 ,凌日,,290,77.6118 
546,2011,5 ,凌日,,290,6.0985 
547,2011,5 ,凌日,,290,19.5771 
548,2011,5 ,凌日,,303,5.9012 
549,2011,5 ,凌日,,303,8.7522 
550,2011,5 ,凌日,,,5.6679 
551,2011,5 ,凌日,,,13.1756 
552,2011,5 ,凌日,,,21.7760 
553,2011,5 ,凌日,,,31.7844 
554,2011,5 ,凌日,,,41.0290 
555,2011,3 ,径向速度,0.0085,6.06,18.3150 
556,2011,3 ,径向速度,0.00755,6.06,40.1140 
557,2011,3 ,径向速度,0.0151,6.06,90.3090 
558,2011,3 ,径向速度,0.0363,38.01,16.5460 
559,2011,3 ,径向速度,0.0498,38.01,51.2840 
560,2011,3 ,径向速度,0.0519,38.01,274.4900 
561,2011,3 ,径向速度,0.0117,25.59,5.6363 
562,2011,3 ,径向速度,0.0187,25.59,14.0250 
563,2011,3 ,径向速度,0.0162,25.59,33.9410 
564,2011,3 ,径向速度,0.0292,26.91,12.0830 
565,2011,3 ,径向速度,0.0382,26.91,59.5190 
566,2011,3 ,径向速度,0.121,26.91,459.2600 
567,2011,3 ,径向速度,0.0166,14.56,11.5770 
568,2011,3 ,径向速度,0.0358,14.56,27.5820 
569,2011,3 ,径向速度,0.03,14.56,106.7200 
570,2011,3 ,径向速度,0.054,47.3,34.8730 
571,2011,3 ,径向速度,0.036,25.87,8.1352 
572,2011,3 ,径向速度,0.41,25.87,32.0300 
573,2011,3 ,径向速度,0.527,25.87,431.7000 
574,2011,3 ,凌日,,,3.5047 
575,2011,3 ,凌日,,,7.6416 
576,2011,3 ,凌日,,,14.8589 
577,2011,3 ,凌日,,,6.2385 
578,2011,3 ,凌日,,,12.7204 
579,2011,3 ,凌日,,38.7,1.2138 
580,2011,3 ,凌日,,38.7,0.4533 
581,2011,3 ,凌日,,38.7,1.8652 
582,2011,2 ,轨道亮度调制,,1180,0.2401 
583,2011,2 ,轨道亮度调制,,1180,0.3429 
584,2011,2 ,径向速度,1.6,15.1,7100.0000 
585,2011,2 ,径向速度,3.4,354,1022.0000 
586,2011,2 ,径向速度,0.0186,23.44,13.5050 
587,2011,2 ,径向速度,1.11,38.52,1275.0000 
588,2011,2 ,径向速度,2,38.52,4046.0000 
589,2011,2 ,径向速度,0.0325,28.6,14.1820 
590,2011,2 ,径向速度,0.036,28.6,53.8320 
591,2011,2 ,径向速度,0.0378,43.08,11.8490 
592,2011,2 ,径向速度,0.0422,43.08,33.8230 
593,2011,2 ,径向速度,0.0379,35.89,29.1500 
594,2011,2 ,径向速度,0.0496,35.89,85.1310 
595,2011,2 ,径向速度,0.0322,32.31,22.6560 
596,2011,2 ,径向速度,0.06472,32.31,53.8810 
597,2011,2 ,径向速度,0.0413,34.07,14.0700 
598,2011,2 ,径向速度,0.0565,34.07,95.4150 
599,2011,2 ,径向速度,0.17,35.59,152.6000 
600,2011,2 ,径向速度,0.0263,42.52,13.1860 
601,2011,2 ,径向速度,0.0318,42.52,46.0250 
602,2011,2 ,径向速度,0.0284,26.21,8.1256 
603,2011,2 ,径向速度,0.04,26.21,103.4900 
604,2011,2 ,径向速度,,28.04,1046.0000 
605,2011,2 ,径向速度,0.0351,24.15,3.2700 
606,2011,2 ,径向速度,0.1507,24.15,1160.9000 
607,2011,2 ,径向速度,0.05318,8.82,74.7200 
608,2011,2 ,径向速度,0.07552,8.82,525.8000 
609,2011,2 ,径向速度,0.0087,21.52,7.2825 
610,2011,2 ,径向速度,0.0097,21.52,10.8660 
611,2011,2 ,径向速度,0.101,38.64,191.9900 
612,2011,2 ,径向速度,0.246,38.64,2277.0000 
613,2011,2 ,径向速度,,44.8,9017.8000 
614,2011,2 ,凌日,,354,5.0054 
615,2011,2 ,凌日,,173,0.8375 
616,2011,2 ,凌日,,173,45.2949 
617,2011,2 ,凌日,,2119,9.2870 
618,2011,2 ,凌日,,800,7.1073 
619,2011,2 ,凌日,,800,10.7421 
620,2011,2 ,凌日,,1200,8.1453 
621,2011,2 ,凌日,,1200,12.3335 
622,2011,2 ,凌日,,,12.2829 
623,2011,2 ,凌日,,,17.2513 
624,2011,2 ,凌日,,,15.3348 
625,2011,2 ,凌日,,,31.3309 
626,2011,2 ,凌日,,,5.9123 
627,2011,2 ,凌日,,,8.9858 
628,2011,2 ,凌日,,1400,10.3376 
629,2011,2 ,凌日,,1400,13.2907 
630,2011,2 ,凌日,,2100,20.8613 
631,2011,2 ,凌日,,2100,42.6318 
632,2011,2 ,凌日时间变化,,2119,160.0000 
633,2011,2 ,日食时间变化,,,5840.0000 
634,2011,2 ,日食时间变化,,,1916.2500 
635,2011,1 ,成像,,23.1,10037.5000 
636,2011,1 ,成像,,,40000.0000 
637,2011,1 ,成像,,19.2,
638,2011,1 ,径向速度,2.6,19.84,763.0000 
639,2011,1 ,径向速度,0.91,,392.6000 
640,2011,1 ,径向速度,0.018,9.04,7.3709 
641,2011,1 ,径向速度,3.1,167.5,431.8000 
642,2011,1 ,径向速度,7.6,150.6,177.1100 
643,2011,1 ,径向速度,0.29,35.88,615.0000 
644,2011,1 ,径向速度,2.7,127.88,772.0000 
645,2011,1 ,径向速度,13.65,31.79,528.0700 
646,2011,1 ,径向速度,1.7,168.92,387.1000 
647,2011,1 ,径向速度,1.8,121.07,912.0000 
648,2011,1 ,径向速度,1.3,136.8,326.6000 
649,2011,1 ,径向速度,0.0961,15.56,407.1500 
650,2011,1 ,径向速度,0.04,22.04,5.8872 
651,2011,1 ,径向速度,1.34,48.64,1966.1000 
652,2011,1 ,径向速度,1.3,112.23,705.0000 
653,2011,1 ,径向速度,0.01133,11.15,58.4300 
654,2011,1 ,径向速度,0.9,132.8,361.1000 
655,2011,1 ,径向速度,4,221.24,647.3000 
656,2011,1 ,径向速度,1.8,150.38,436.9000 
657,2011,1 ,径向速度,1.4,130.89,868.0000 
658,2011,1 ,径向速度,1.7,140.85,157.5700 
659,2011,1 ,径向速度,5.9,138.5,778.1000 
660,2011,1 ,径向速度,11,87.87,2890.0000 
661,2011,1 ,径向速度,2.6,138.5,443.4000 
662,2011,1 ,径向速度,2.1,110.62,670.0000 
663,2011,1 ,径向速度,0.224,38.05,948.1200 
664,2011,1 ,径向速度,2.2,121.36,883.0000 
665,2011,1 ,径向速度,1.49,98.52,1544.0000 
666,2011,1 ,径向速度,0.223,38.45,330.0000 
667,2011,1 ,径向速度,1.9,106.38,1299.0000 
668,2011,1 ,径向速度,0.168,29.55,1096.2000 
669,2011,1 ,径向速度,1.5,182.82,689.0000 
670,2011,1 ,径向速度,0.0193,18.08,18.5960 
671,2011,1 ,径向速度,9.71,35.37,131.0500 
672,2011,1 ,径向速度,0.12,33.48,104.8400 
673,2011,1 ,径向速度,1.8,114.15,521.0000 
674,2011,1 ,径向速度,0.0316,17.72,14.2750 
675,2011,1 ,径向速度,0.79,32.83,1035.7000 
676,2011,1 ,径向速度,0.266,26.95,1733.0000 
677,2011,1 ,径向速度,1.45,48.43,3724.7000 
678,2011,1 ,径向速度,1.9,50.45,3999.0000 
679,2011,1 ,径向速度,5.3,307.69,745.7000 
680,2011,1 ,凌日,,840,5.3523 
681,2011,1 ,凌日,,920,3.7681 
682,2011,1 ,凌日,,870,1.9001 
683,2011,1 ,凌日,,770,3.8971 
684,2011,1 ,凌日,,1230,9.2429 
685,2011,1 ,凌日,,600,3.6313 
686,2011,1 ,凌日,,204,3.0396 
687,2011,1 ,凌日,,395,3.2572 
688,2011,1 ,凌日,,322,5.7232 
689,2011,1 ,凌日,,193,2.8106 
690,2011,1 ,凌日,,283,2.1500 
691,2011,1 ,凌日,,387,3.4745 
692,2011,1 ,凌日,,257,5.4527 
693,2011,1 ,凌日,,535,3.6467 
694,2011,1 ,凌日,,317,1.3273 
695,2011,1 ,凌日,,411,2.7974 
696,2011,1 ,凌日,,600,4.4380 
697,2011,1 ,凌日,,,1.7636 
698,2011,1 ,凌日,,980,6.7901 
699,2011,1 ,凌日,,,4.9428 
700,2011,1 ,凌日,,61,228.7760 
701,2011,1 ,凌日,,800,1.4857 
702,2011,1 ,凌日,,108,2.7858 
703,2011,1 ,凌日,,190,289.8623 
704,2011,1 ,凌日,,1499,288.8220 
705,2011,1 ,凌日,,1645,131.4580 
706,2011,1 ,凌日,,1200,21.0874 
707,2011,1 ,凌日,,770,1.8556 
708,2011,1 ,凌日,,1950,3.0241 
709,2011,1 ,凌日,,2250,3.2467 
710,2011,1 ,凌日,,333,2.4552 
711,2011,1 ,凌日,,,1.3371 
712,2011,1 ,凌日,,360,1.4822 
713,2011,1 ,凌日,,,3.1616 
714,2011,1 ,凌日,,450,1.5374 
715,2011,1 ,凌日,,230,4.0553 
716,2011,1 ,凌日,,80,0.8135 
717,2011,1 ,凌日,,,2.4238 
718,2011,1 ,凌日,,,3.1261 
719,2011,1 ,凌日,,,1.4304 
720,2011,1 ,凌日,,,2.1436 
721,2011,1 ,凌日,,230,1.9551 
722,2011,1 ,脉冲星计时,,1200,0.0907 
723,2011,1 ,日食时间变化,,,2900.0000 
724,2011,1 ,微引力透镜,,,2780.0000 
725,2012,6 ,径向速度,0.011,12.83,34.6200 
726,2012,6 ,径向速度,0.0164,12.83,51.7600 
727,2012,6 ,径向速度,0.0223,12.83,197.8000 
728,2012,5 ,凌日,,303,22.7802 
729,2012,5 ,凌日,,303,2.8960 
730,2012,5 ,凌日,,303,0.7430 
731,2012,4 ,凌日,,,4.7780 
732,2012,4 ,凌日,,,9.6739 
733,2012,3 ,径向速度,0.014,16.13,3.6000 
734,2012,3 ,径向速度,0.036,16.13,35.3700 
735,2012,3 ,径向速度,1.68,47.3,2831.6000 
736,2012,3 ,径向速度,0.947,135,580.0000 
737,2012,3 ,凌日,,1400,29.3343 
738,2012,3 ,凌日,,1400,60.3231 
739,2012,3 ,凌日,,1400,143.3439 
740,2012,3 ,凌日,,,45.1540 
741,2012,3 ,凌日,,,85.3120 
742,2012,3 ,凌日,,,7.1316 
743,2012,3 ,凌日,,,8.9193 
744,2012,3 ,凌日,,,11.9016 
745,2012,3 ,凌日,,,2.1549 
746,2012,3 ,凌日,,,5.8599 
747,2012,3 ,凌日,,,8.1312 
748,2012,3 ,凌日,,135,5.3988 
749,2012,3 ,凌日,,135,9.6051 
750,2012,2 ,径向速度,,46.84,530.3200 
751,2012,2 ,径向速度,,46.84,3186.0000 
752,2012,2 ,径向速度,5.3,25.64,6005.0000 
753,2012,2 ,径向速度,2.37,56.5,360.2000 
754,2012,2 ,径向速度,2.37,56.5,2732.0000 
755,2012,2 ,径向速度,3.366,42.88,2720.0000 
756,2012,2 ,径向速度,0.73,52.72,352.3000 
757,2012,2 ,径向速度,,55.31,161.9700 
758,2012,2 ,径向速度,,55.31,1155.7000 
759,2012,2 ,凌日,,470,13.8399 
760,2012,2 ,凌日,,470,16.2386 
761,2012,2 ,凌日,,855,33.6013 
762,2012,2 ,凌日,,1500,49.5320 
763,2012,2 ,凌日,,1500,303.1370 
764,2012,2 ,凌日,,,7.2038 
765,2012,2 ,凌日,,,10.9129 
766,2012,2 ,凌日,,,7.8125 
767,2012,2 ,凌日,,,9.3765 
768,2012,2 ,凌日,,,7.8774 
769,2012,2 ,凌日,,,16.3850 
770,2012,2 ,凌日,,,18.6490 
771,2012,2 ,凌日,,,38.5583 
772,2012,2 ,凌日,,,8.0109 
773,2012,2 ,凌日,,,12.0717 
774,2012,2 ,凌日,,,27.9481 
775,2012,2 ,凌日,,,42.1516 
776,2012,2 ,凌日,,,10.5016 
777,2012,2 ,凌日,,,21.4024 
778,2012,2 ,凌日,,,5.7293 
779,2012,2 ,凌日,,,11.6093 
780,2012,2 ,凌日,,,10.2185 
781,2012,2 ,凌日,,,15.5742 
782,2012,2 ,凌日,,,11.8682 
783,2012,2 ,凌日,,,17.9801 
784,2012,2 ,凌日,,,13.4850 
785,2012,2 ,凌日,,,27.4020 
786,2012,2 ,凌日,,,7.0530 
787,2012,2 ,凌日,,,9.5220 
788,2012,2 ,凌日,,,5.9550 
789,2012,2 ,凌日,,,12.0400 
790,2012,2 ,凌日,,,26.4440 
791,2012,2 ,凌日,,,51.5380 
792,2012,2 ,凌日,,,9.7700 
793,2012,2 ,凌日,,,20.0900 
794,2012,2 ,凌日,,,8.7260 
795,2012,2 ,凌日,,,12.8830 
796,2012,2 ,凌日,,,8.3060 
797,2012,2 ,凌日,,,12.5130 
798,2012,2 ,凌日时间变化,,855,57.0110 
799,2012,2 ,微引力透镜,,4080,
800,2012,2 ,微引力透镜,,4080,
801,2012,1 ,成像,,52.03,
802,2012,1 ,成像,,10.1,
803,2012,1 ,径向速度,,81.5,691.9000 
804,2012,1 ,径向速度,0.0036,1.35,3.2357 
805,2012,1 ,径向速度,,70.42,417.9000 
806,2012,1 ,径向速度,,84.03,187.8300 
807,2012,1 ,径向速度,,56.31,1630.0000 
808,2012,1 ,径向速度,,,578.2000 
809,2012,1 ,径向速度,,25.2,3.3371 
810,2012,1 ,径向速度,,58.17,792.6000 
811,2012,1 ,径向速度,1.45,44.54,2208.0000 
812,2012,1 ,径向速度,6,80.06,480.5000 
813,2012,1 ,径向速度,,41.27,5.7361 
814,2012,1 ,径向速度,6.8,42.77,4951.0000 
815,2012,1 ,径向速度,9.61,36.36,3630.0000 
816,2012,1 ,径向速度,3.53,42.99,5144.0000 
817,2012,1 ,径向速度,6.9,43.57,3638.0000 
818,2012,1 ,径向速度,9.9,352.11,875.5000 
819,2012,1 ,径向速度,10.39,29.2,5501.0000 
820,2012,1 ,径向速度,,,2093.3000 
821,2012,1 ,径向速度,11.1,289.02,672.1000 
822,2012,1 ,径向速度,1.06,45.23,2209.0000 
823,2012,1 ,径向速度,,,4.4264 
824,2012,1 ,径向速度,,,2.1451 
825,2012,1 ,凌日,,249,4.6404 
826,2012,1 ,凌日,,642,3.5439 
827,2012,1 ,凌日,,501,4.4572 
828,2012,1 ,凌日,,344,2.6940 
829,2012,1 ,凌日,,447,4.6419 
830,2012,1 ,凌日,,542,3.3327 
831,2012,1 ,凌日,,303,3.4465 
832,2012,1 ,凌日,,262,1.2175 
833,2012,1 ,凌日,,124.22,4.1138 
834,2012,1 ,凌日,,600,105.5990 
835,2012,1 ,凌日,,1000,138.3170 
836,2012,1 ,凌日,,160,4.9817 
837,2012,1 ,凌日,,200,4.1591 
838,2012,1 ,凌日,,170,2.7817 
839,2012,1 ,凌日,,140,1.7498 
840,2012,1 ,凌日,,200,3.6936 
841,2012,1 ,凌日,,330,4.4656 
842,2012,1 ,凌日,,255,4.6171 
843,2012,1 ,凌日,,455,2.8390 
844,2012,1 ,凌日,,300,5.0172 
845,2012,1 ,凌日,,125,7.9196 
846,2012,1 ,凌日,,400,4.3050 
847,2012,1 ,凌日,,480,3.8559 
848,2012,1 ,凌日,,160,4.4120 
849,2012,1 ,凌日,,330,4.3781 
850,2012,1 ,凌日,,350,1.5733 
851,2012,1 ,凌日,,380,4.0861 
852,2012,1 ,凌日,,225,4.6144 
853,2012,1 ,凌日,,345,2.9037 
854,2012,1 ,凌日,,340,2.2167 
855,2012,1 ,凌日,,93,1.3600 
856,2012,1 ,凌日,,550,2.1752 
857,2012,1 ,凌日,,240,3.6624 
858,2012,1 ,凌日,,60,3.0679 
859,2012,1 ,凌日,,3200,3.3521 
860,2012,1 ,日食时间变化,4.2,,4343.5000 
861,2012,1 ,微引力透镜,,2300,
862,2012,1 ,微引力透镜,,2800,
863,2012,1 ,微引力透镜,,7720,
864,2012,1 ,微引力透镜,,2570,
865,2013,7 ,凌日,,780,7.0082 
866,2013,7 ,凌日,,780,8.7194 
867,2013,7 ,凌日,,780,59.7367 
868,2013,7 ,凌日,,780,91.9391 
869,2013,7 ,凌日,,780,124.9144 
870,2013,7 ,凌日,,780,210.6070 
871,2013,7 ,凌日,,780,331.6006 
872,2013,6 ,径向速度,0.016,6.8,91.6100 
873,2013,6 ,径向速度,0.008,6.8,62.2400 
874,2013,6 ,径向速度,0.008,6.8,39.0260 
875,2013,6 ,径向速度,0.014,6.8,256.2000 
876,2013,5 ,凌日,,368,5.7149 
877,2013,5 ,凌日,,368,12.4417 
878,2013,5 ,凌日,,368,18.1641 
879,2013,5 ,凌日,,368,122.3874 
880,2013,5 ,凌日,,368,267.2910 
881,2013,5 ,凌日,,,16.1457 
882,2013,4 ,凌日,,,3.7432 
883,2013,4 ,凌日,,,10.4236 
884,2013,4 ,凌日,,,22.3430 
885,2013,4 ,凌日,,,54.3203 
886,2013,3 ,径向速度,0.035,14.97,8.6310 
887,2013,3 ,径向速度,0.024,14.97,25.6000 
888,2013,3 ,径向速度,0.079,14.97,603.0000 
889,2013,3 ,凌日,,66,13.3673 
890,2013,3 ,凌日,,66,21.3019 
891,2013,3 ,凌日,,66,39.7922 
892,2013,3 ,凌日,,,27.5087 
893,2013,2 ,径向速度,0.027,20.1,3.8728 
894,2013,2 ,径向速度,0.17,20.1,125.9400 
895,2013,2 ,径向速度,0.865,66.89,19.3820 
896,2013,2 ,径向速度,5.13,66.89,931.0000 
897,2013,2 ,径向速度,0.039,52.03,18.3570 
898,2013,2 ,径向速度,0.027,52.03,25.6480 
899,2013,2 ,径向速度,0.054,56.92,7.8543 
900,2013,2 ,径向速度,0.076,56.92,30.9300 
901,2013,2 ,径向速度,1.13,68.59,12.6200 
902,2013,2 ,径向速度,1.9,68.59,248.4000 
903,2013,2 ,凌日,,,13.7223 
904,2013,2 ,凌日,,,242.4613 
905,2013,2 ,凌日,,,114.7364 
906,2013,2 ,凌日,,,191.2318 
907,2013,2 ,凌日,,339,10.9542 
908,2013,2 ,凌日,,,13.7490 
909,2013,2 ,凌日,,,26.7230 
910,2013,2 ,凌日,,,5.4122 
911,2013,2 ,凌日,,,8.0410 
912,2013,2 ,凌日,,,11.7760 
913,2013,2 ,凌日,,,15.0900 
914,2013,2 ,凌日,,,22.8040 
915,2013,2 ,凌日,,,22.9510 
916,2013,2 ,凌日,,,42.8820 
917,2013,2 ,凌日,,,36.8550 
918,2013,2 ,凌日,,,49.4120 
919,2013,2 ,凌日,,,23.6540 
920,2013,2 ,凌日,,,50.4470 
921,2013,2 ,凌日,,,31.8840 
922,2013,2 ,凌日,,,48.6480 
923,2013,2 ,凌日,,,17.3240 
924,2013,2 ,凌日,,,33.0060 
925,2013,2 ,凌日,,,35.7360 
926,2013,2 ,凌日,,,54.4140 
927,2013,2 ,凌日,,,24.8060 
928,2013,2 ,凌日,,,44.3470 
929,2013,2 ,凌日,,,5.4870 
930,2013,2 ,凌日,,,8.2910 
931,2013,2 ,凌日,,,10.4160 
932,2013,2 ,凌日,,,13.0840 
933,2013,2 ,凌日,,,34.9210 
934,2013,2 ,凌日,,,71.3120 
935,2013,2 ,凌日,,,17.8490 
936,2013,2 ,凌日,,,26.1360 
937,2013,2 ,凌日,,,42.9940 
938,2013,2 ,凌日,,,88.5050 
939,2013,2 ,凌日时间变化,,339,22.3395 
940,2013,1 ,成像,,145,
941,2013,1 ,成像,,36,
942,2013,1 ,成像,,17.95,
943,2013,1 ,成像,,91.57,
944,2013,1 ,成像,,91.83,
945,2013,1 ,成像,,135,
946,2013,1 ,成像,,120,
947,2013,1 ,轨道亮度调制,,,1.5449 
948,2013,1 ,径向速度,3.2,45.52,181.4000 
949,2013,1 ,径向速度,1.7,80.64,277.0200 
950,2013,1 ,径向速度,20.6,92.51,305.5000 
951,2013,1 ,径向速度,1.11,175.44,137.4800 
952,2013,1 ,径向速度,2.3,20.03,4100.0000 
953,2013,1 ,径向速度,1.6,115.21,311.6000 
954,2013,1 ,径向速度,0.367,53.08,5.8881 
955,2013,1 ,径向速度,2.83,37.42,324.0000 
956,2013,1 ,径向速度,4.5,97.66,2082.0000 
957,2013,1 ,径向速度,6.575,,192.0000 
958,2013,1 ,径向速度,9.18,149.25,124.6000 
959,2013,1 ,径向速度,1.068,44.46,5.0505 
960,2013,1 ,凌日,,360,1.3541 
961,2013,1 ,凌日,,453,3.5479 
962,2013,1 ,凌日,1.47,178,2.7034 
963,2013,1 ,凌日,,,59.8776 
964,2013,1 ,凌日,,200,9.4342 
965,2013,1 ,凌日,,1107,17.8158 
966,2013,1 ,凌日,,1107,15.7259 
967,2013,1 ,凌日,,1330,7.3407 
968,2013,1 ,凌日,,1140,8.8849 
969,2013,1 ,凌日,,570,3.5788 
970,2013,1 ,凌日,,,0.3550 
971,2013,1 ,凌日,,,282.5255 
972,2013,1 ,凌日,,1030,6.2466 
973,2013,1 ,凌日,,132,17.8336 
974,2013,1 ,凌日,,,3.0052 
975,2013,1 ,凌日,,1200,3.1606 
976,2013,1 ,凌日,,310,2.3114 
977,2013,1 ,凌日,,260,2.4842 
978,2013,1 ,天体测量学,,20.77,246.3600 
979,2013,1 ,微引力透镜,,3600,
980,2013,1 ,微引力透镜,,7560,
981,2013,1 ,微引力透镜,,1760,
982,2013,1 ,微引力透镜,,4970,
983,2014,5 ,凌日,,,5.2870 
984,2014,5 ,凌日,,,7.0714 
985,2014,5 ,凌日,,,10.3117 
986,2014,5 ,凌日,,,27.4536 
987,2014,4 ,径向速度,,,982.0000 
988,2014,4 ,凌日,,,42.8961 
989,2014,4 ,凌日,,,6.1649 
990,2014,4 ,凌日,,,13.5708 
991,2014,4 ,凌日,,,23.9802 
992,2014,4 ,凌日,,,43.8445 
993,2014,3 ,径向速度,,,123.0000 
994,2014,3 ,凌日,,,6.8871 
995,2014,3 ,凌日,,,12.8159 
996,2014,3 ,凌日,,,35.3331 
997,2014,3 ,凌日时间变化,,,
998,2014,2 ,径向速度,2.58,68.54,3452.0000 
999,2014,2 ,径向速度,,,1460.0000 
1000,2014,2 ,径向速度,,,820.3000 
1001,2014,2 ,径向速度,,,789.0000 
1002,2014,2 ,径向速度,,,3000.0000 
1003,2014,2 ,凌日,,,4.7267 
1004,2014,2 ,凌日,,,2.5081 
1005,2014,2 ,凌日,,,2.5866 
1006,2014,2 ,凌日,,,15.9654 
1007,2014,2 ,凌日,,,179.6120 
1008,2014,2 ,凌日,,,6.4816 
1009,2014,2 ,凌日,,,21.2227 
1010,2014,2 ,凌日,,,4.7540 
1011,2014,2 ,凌日,,,8.9251 
1012,2014,2 ,凌日,,,16.0920 
1013,2014,2 ,凌日,,,25.5169 
1014,2014,2 ,凌日,,,13.7816 
1015,2014,2 ,凌日,,,23.0893 
1016,2014,2 ,凌日,,,2.4263 
1017,2014,2 ,凌日,,,4.6233 
1018,2014,2 ,凌日,,,0.6693 
1019,2014,1 ,径向速度,0.48,20.48,3827.0000 
1020,2014,1 ,径向速度,0.34,,6.9580 
1021,2014,1 ,径向速度,0.4,,5.1180 
1022,2014,1 ,径向速度,1.54,,121.7100 
1023,2014,1 ,凌日,,,3.5753 
1024,2014,1 ,凌日,,322,2.6915 
1025,2014,1 ,凌日,,222,7.8457 
1026,2014,1 ,凌日,,,11.5231 
1027,2014,1 ,凌日,,,16.2385 
1028,2014,1 ,凌日,,,1.5417 
1029,2014,1 ,凌日,,,4.6036 
1030,2014,1 ,凌日,,,2.4650 
1031,2014,1 ,凌日,,,68.9584 
1032,2014,1 ,凌日,,1056,1.7209 
1033,2014,1 ,凌日,,,66.2620 
1034,2014,1 ,凌日,,470,0.9255 
